label,words
label1,weiterentwicklungsmöglichkeit
label1,entwicklungsmöglichkeit
label1,weiterbildungsmöglichkeit
label2,arbeitssicherheitsvorschrift
label3,mitarbeiterassistenzprogramm
label4,absolut
label5,schaffen
label6,einstellen
label7,einstellung
label8,plus
label9,ordentlich
label10,klasse
label10,schicht
label11,ausgezeichnet
label11,hervorragend
label12,stark
label13,super
label13,toll
label13,top
label13,großartig
label13,erstklassig
label13,exzellent
label14,einsetzen
label15,realisieren
label15,umsetzen
label15,entwickeln
label15,konzipieren
label16,beachten
label16,laden
label17,anstellung
label17,stellung
label17,arbeit
label17,position
label17,job
label17,stelle
label18,anspruch
label18,bedarf
label18,forderung
label18,förderung
label19,gründlich
label20,freundlich
label20,offen
label20,angemessen
label20,angenehm
label21,besonders
label22,kinderbetreuung
label22,papierbewerbung
label23,erreichbar
label23,jederzeit
label23,vereinbaren
label23,bewerber
label23,beantworten
label23,bewerben
label23,referenznummer
label23,karriereportal
label23,karriereseite
label23,anschreiben
label23,lebenslauf
label23,kennziffer
label23,telefonnummer
label23,betriebsleiter
label23,sachbearbeit
label23,behandlung
label23,verfügung
label23,persönlich
label23,vertraulich
label23,telefonisch
label23,unverbindlich
label24,direkt
label24,einfach
label25,betrachten
label25,behinderung
label25,formulierung
label25,gleich
label25,gleichermaßen
label25,geschlecht
label25,männlich
label25,weiblich
label26,ansprechen
label26,wunsch
label26,schnell
label26,wünschen
label26,ausreichend
label26,erleichtern
label26,fügen
label26,gewünscht
label27,positiv
label28,eigentlich
label29,echt
label30,ganz
label30,voll
label30,wirklich
label30,herzlich
label30,richtig
label31,erfahren
label31,kompetent
label32,fähigkeit
label32,kompetenz
label32,expertise
label32,knowhow
label32,wissen
label33,ermitteln
label33,prüfen
label33,überprüfen
label34,tragen
label34,integrieren
label34,beinhalten
label34,mitbringen
label34,umfassen
label35,zählen
label35,maßgeblich
label35,relevant
label35,zentral
label35,groß
label35,wichtig
label36,fundament
label37,grund
label37,grundlegend
label38,sicher
label38,belastbar
label38,solide
label38,stabil
label39,stufe
label39,ebene
label39,level
label39,niveau
label40,einheit
label41,testen
label41,leiten
label41,leisten
label41,treiben
label42,hilfe
label43,alltag
label44,beispiel
label44,vision
label44,auszeichnung
label44,institution
label44,belegen
label44,audit
label45,gebiet
label46,verbunden
label46,recherche
label46,ergebnis
label46,verwandt
label46,effektiv
label46,permanent
label47,schutz
label47,geschäft
label47,handel
label47,shop
label48,abbau
label48,altumgebung
label48,detail
label48,incident
label48,tuning
label48,datenbank
label48,migration
label48,relational
label48,virtuell
label48,cloud
label48,security
label48,weblogic
label48,firewall
label48,linux
label48,windows
label48,appliance
label48,databas
label48,database
label48,upgrade
label48,upgrades
label48,backup
label48,report
label48,reporting
label48,module
label48,warehous
label48,warehouse
label48,hana
label48,sap
label48,bash
label48,ansible
label48,shell
label48,datum
label48,exadata
label48,data
label48,guard
label48,express
label48,apex
label48,oracle
label48,sql
label48,java
label48,python
label48,tool
label48,system
label48,systems
label48,diagnose
label48,eingesetzt
label48,manager
label48,intelligence
label48,engineered
label48,enterprise
label48,tech
label48,version
label48,test
label48,patche
label48,skripte
label48,tions
label48,git
label48,jira
label48,etl
label48,html
label48,tools
label48,lea
label48,suite
label48,iso
label48,sps
label48,erp
label48,first
label48,second
label48,user
label48,web
label48,red
label48,rhel
label48,dba
label48,rac
label48,rman
label48,chang
label48,redhat
label48,esx
label48,hyperv
label48,sccm
label48,todos
label48,defender
label48,point
label48,update
label48,updates
label48,san
label48,wan
label48,active
label48,client
label48,switche
label48,dns
label48,emc
label48,exchang
label48,exchange
label48,itil
label48,dell
label48,lenovo
label48,brocade
label48,ibm
label48,netapp
label48,storag
label48,storage
label48,vmwar
label48,vmware
label48,veeam
label48,vspher
label48,cluster
label48,server
label48,directory
label48,cisco
label48,citrix
label48,azure
label48,nutanix
label48,unix
label49,antrieb
label49,klar
label49,aspekt
label49,maßnahme
label49,methode
label49,standard
label49,status
label49,strategie
label49,rahmen
label49,umfeld
label49,umgebung
label49,ausbau
label49,aufnahme
label49,laufend
label49,umfang
label49,modell
label49,basis
label49,lokal
label50,einarbeiten
label50,erweitert
label51,bekannt
label51,erst
label51,genannt
label51,seminar
label51,training
label51,coaching
label51,abhängig
label51,hinweg
label51,auftreten
label51,handeln
label51,maß
label51,impuls
label51,mündlich
label51,confluence
label51,fließend
label51,dynamic
label51,navision
label51,excel
label51,worden
label51,office
label51,outlook
label51,powerpoint
label51,gepflegt
label51,schrift
label51,wort
label51,sprache
label51,deutsch
label51,englisch
label51,erwerben
label51,souverän
label51,sammeln
label51,umgang
label51,versiert
label51,hälfte
label51,zweit
label51,bspw
label51,ihk
label51,praxis
label51,routine
label52,nummer
label53,meister
label54,fahren
label54,gehen
label54,dauern
label54,laufen
label55,anlage
label55,maschine
label56,glatt
label56,sache
label56,gering
label56,art
label56,menge
label57,eintritt
label57,leime
label57,kieswerk
label57,sitz
label57,nötig
label57,dienst
label57,stehts
label57,führung
label57,leitung
label57,anhand
label57,waage
label57,entladung
label57,lagerung
label57,ausgang
label57,buchung
label57,rechnung
label57,mischanlage
label57,sicherung
label57,meldung
label57,störung
label57,wartung
label57,lager
label57,ware
label57,entladen
label57,lkw
label57,palette
label57,spektrum
label57,klein
label57,health
label57,safety
label57,geltend
label57,norm
label57,geprüft
label57,gerät
label58,betreuer
label58,betreuerin
label58,mögen
label58,berechnen
label58,reagieren
label58,mathe
label58,not
label58,bald
label58,tasche
label58,haupt
label58,reif
label58,abitur
label58,mittler
label58,reife
label58,eignen
label58,geeignet
label58,einrichten
label58,rüsten
label58,umrüsten
label58,beurteilen
label58,sand
label58,verladen
label58,wiegen
label58,lesen
label58,beton
label58,labor
label58,her
label58,nähe
label58,messe
label58,wählen
label58,schleifen
label58,schweißen
label58,beheben
label58,drehen
label58,fräse
label58,justieren
label58,montieren
label59,allein
label59,jedoch
label59,schon
label60,danach
label60,worauf
label60,darauf
label60,folgend
label61,ideal
label61,perfekt
label62,absicherung
label62,gehalt
label62,vergütung
label62,bezahlung
label62,entlohnung
label63,option
label63,aussicht
label63,chance
label63,sekretariat
label63,assistenz
label63,klicken
label63,fame
label63,walken
label63,berufsweg
label63,hauseigen
label63,respekt
label63,freizeit
label63,reise
label63,örtlich
label63,frisch
label63,gericht
label63,intensiv
label63,lohnsteigerung
label63,optional
label63,wohnortnah
label63,kostenfrei
label63,kostenlos
label63,corporate
label63,parkplatz
label63,angebot
label63,finanziell
label63,firmenfeier
label63,sportevents
label63,ergänzend
label63,leistung
label63,divers
label63,exklusiv
label63,sommer
label63,events
label63,teamevents
label63,benefit
label63,benefits
label63,firmeneigen
label63,gefördert
label63,dienstwagen
label63,equipment
label63,modern
label63,ausbilder
label63,garantiert
label63,fahrgeld
label63,prämie
label63,akademie
label63,ausflug
label63,besichtigung
label63,fahrtkosten
label63,azubievent
label63,lernmaterial
label63,freitag
label63,montag
label63,pkw
label63,uhr
label63,fitnes
label63,gültig
label63,sozial
label63,weihnacht
label63,lehrjahr
label63,woche
label63,metall
label63,pro
label63,stunde
label63,butto
label63,monat
label63,brutto
label63,std
label63,dgb
label63,nacht
label63,zulage
label63,zuschlag
label63,obst
label63,kaffee
label63,wasser
label63,getränk
label63,obstkorb
label63,einklang
label63,angehörige
label63,familie
label63,geregelt
label63,gestellt
label63,privat
label63,laptop
label63,notebook
label63,unterricht
label63,ticket
label63,ipad
label63,tarif
label63,eigen
label63,gesund
label63,haus
label63,auto
label63,rabatt
label63,vwl
label63,tag
label63,urlaub
label63,campus
label63,massage
label63,sport
label63,bank
label63,jobrad
label63,kantine
label63,monatlich
label64,inner
label64,außer
label64,verant
label64,keit
label64,orien
label64,tier
label64,heraus
label64,wortlich
label64,nett
label64,fair
label64,fort
label64,frei
label65,los
label65,tritt
label65,nein
label65,wenden
label65,bitte
label65,bitten
label65,info
label65,minute
label65,gern
label65,gerne
label65,zögern
label65,adresse
label65,hören
label65,tel
label65,zukommen
label65,germany
label65,telefon
label65,human
label65,resource
label65,hierzu
label65,termin
label65,anzeige
label65,email
label65,mail
label65,per
label65,post
label65,fähig
label65,aussage
label65,zeugnis
label65,industriestr
label65,unterlage
label65,besonder
label65,inklusion
label65,hinweis
label65,online
label65,kontakt
label65,rückfrage
label65,whatsapp
label65,erstkontakt
label65,kontaktdat
label65,falls
label65,angeboten
label65,auskunft
label65,autobahn
label65,thomas
label65,frage
label65,erfüllen
label65,vorfeld
label65,senden
label65,freuen
label65,wecken
label65,angabe
label65,angegeben
label65,klingen
label65,melden
label65,derjenige
label65,stecken
label65,transfer
label65,tti
label65,einstieg
label65,usa
label65,england
label65,republik
label65,lage
label65,ort
label65,region
label65,platz
label65,raum
label65,start
label65,million
label65,mission
label65,erneuerbar
label65,neustadt
label65,starten
label65,altpapier
label65,papier
label65,recycling
label65,gründen
label65,basieren
label65,produzent
label65,vier
label65,wer
label65,kraftwerk
label65,sportarena
label65,gute
label65,teil
label65,stück
label65,welt
label65,seit
label65,chemie
label65,umwelt
label65,beginn
label65,drei
label65,zwei
label65,kabel
label65,prysmia
label65,fabrik
label65,werk
label65,kundennah
label65,wurzel
label65,mehr
label65,euro
label65,jahr
label65,erfolg
label65,niedax
label65,dank
label65,land
label65,rund
label65,betrieb
label65,firma
label65,dar
label65,mark
label65,etabliert
label65,markt
label65,filiale
label65,derzeit
label65,europaweit
label65,gerade
label65,sagen
label65,daher
label65,dauer
label65,lieber
label65,faser
label65,well
label65,gestalt
label65,egal
label65,hand
label65,hinführen
label65,karton
label65,pappe
label65,turnschuh
label65,harz
label65,action
label65,pizza
label65,nutzen
label65,sinn
label65,ziel
label65,engineer
label65,erbringen
label65,besetzen
label65,essen
label65,agieren
label65,bremen
label65,basierend
label65,heterogen
label65,beraten
label65,berater
label65,weiterhin
label65,extern
label65,intern
label65,klinik
label65,klient
label65,kunde
label65,rolle
label65,junior
label65,voran
label65,and
label65,hard
label65,jung
label65,ende
label65,bauen
label65,eng
label65,nen
label65,erzielen
label65,medizin
label65,reichen
label65,richten
label65,beitrag
label65,beitragen
label65,berichten
label65,geseke
label65,zement
label65,mensch
label65,person
label65,begrüßen
label65,lächeln
label65,geben
label65,leben
label65,lieben
label65,morgen
label65,prägen
label65,gelten
label65,legen
label65,wert
label65,genau
label65,legal
label65,dellemc
label65,wahl
label65,text
label65,webseite
label65,weise
label65,talent
label65,teilen
label65,nie
label65,wenig
label65,breit
label65,brunel
label65,runden
label65,idee
label65,neue
label65,zeit
label65,heimat
label65,heute
label65,fest
label65,seite
label65,weit
label65,home
label65,herz
label65,ober
label65,balance
label65,viele
label65,mini
label65,kind
label65,life
label66,garantieren
label66,sichern
label66,sorgen
label67,mithilfe
label67,mittels
label67,dokument
label67,fahrzeug
label67,reklamation
label67,statistik
label67,stundenlohn
label67,landshut
label67,automotive
label67,dingolfing
label67,reparatur
label67,transport
label67,werksbus
label67,auftrag
label67,baustelle
label67,baugruppe
label67,bauteil
label67,prüfmittel
label67,vertraut
label67,werkzeug
label67,werkzeuge
label67,gefertigt
label67,werkstück
label67,fertigkeit
label67,befristet
label67,hergestellt
label68,produzieren
label68,erstellen
label68,fertigen
label68,herstellen
label68,neugierig
label68,reparieren
label68,durchlaufen
label68,papierbahn
label68,unterwegs
label68,nachdenken
label68,vollpappe
label68,wellpappe
label68,verpacken
label68,verpackung
label68,engagieren
label68,engagiert
label68,betriebsanlage
label68,betriebsbereit
label68,jeweilig
label68,überblick
label68,heidelberg
label68,material
label68,zementwerk
label68,heidelberger
label68,lindwerder
label69,mitgestaltung
label69,mitgestalten
label69,mitwirken
label70,bewegen
label70,verfügen
label70,befriedigend
label70,einbringen
label70,begeisterung
label70,begeistern
label70,motivieren
label70,gegenseitig
label70,gemeinsam
label70,zusammen
label70,sinnvoll
label70,kollege
label70,kollegin
label70,knifflig
label70,konzentriert
label71,arbeitsmarkt
label71,zeitarbeit
label71,mittelstand
label71,vermitteln
label71,bundesweit
label71,datacenter
label71,investieren
label71,kontaktieren
label71,fördern
label71,entscheiden
label71,entfalten
label71,potenzial
label71,weiterbilden
label71,füreinander
label71,karriere
label72,skill
label72,trotzdem
label72,phase
label72,schritt
label73,gruppe
label73,wertvoll
label73,ressource
label73,rohstoff
label74,ebenso
label74,genauso
label74,neben
label74,außerdem
label74,zudem
label75,pflege
label75,pflegen
label75,fallen
label75,behebung
label75,fehler
label75,bestehend
label75,vorhanden
label75,überwachen
label75,steuern
label75,führen
label75,verwalten
label75,erfordern
label75,benötigen
label75,brauchen
label75,versorgen
label75,betreuen
label75,helfen
label75,kümmern
label75,gestalten
label75,entstehen
label75,setzen
label75,stellen
label75,beseitigen
label75,besitzen
label75,bereiten
label75,bereit
label75,bereits
label75,erarbeiten
label75,arbeiten
label75,erweitern
label75,bearbeiten
label75,betreiben
label75,bestehen
label75,einhalten
label75,bleiben
label75,halten
label75,einleiten
label75,einzeln
label75,kosten
label75,streben
label75,innen
label75,steigend
label75,begleiten
label75,bekommen
label75,erhalten
label75,erwarten
label75,warten
label75,gehören
label75,bedienen
label75,nehmen
label75,kennen
label75,erlernen
label75,lernen
label75,betriebsrat
label75,vertreiben
label75,vertreten
label75,bedeuten
label75,begegnen
label75,bilden
label75,energie
label75,verkehr
label75,vertrag
label75,vertrauen
label75,verbinden
label75,experte
label75,mehrwert
label75,verteilen
label76,sprechen
label76,treffen
label76,dürfen
label76,müssen
label76,sollen
label76,heißen
label76,umgehen
label76,gefahrlos
label76,fehlerursache
label76,lokalisieren
label76,theoretisch
label76,darüber
label76,hinaus
label76,beruf
label76,warum
label76,konkret
label76,feucht
label76,früh
label76,azubi
label76,all
label76,dual
label76,mal
label76,druck
label76,zurück
label76,ding
label76,lust
label76,daran
label76,freude
label76,spaß
label76,fühlen
label76,wohl
label76,deshalb
label76,somit
label76,stolz
label76,vorteil
label76,vorzug
label76,remoten
label76,remot
label76,remote
label76,arbeitsort
label76,büro
label76,hybrid
label76,work
label76,agil
label76,mobil
label76,flach
label76,hierarchie
label76,freiraum
label76,kultur
label76,kurz
label76,anwender
label76,speziell
label76,anwendung
label76,software
label76,zugehörig
label76,warehousing
label76,fokus
label76,lösung
label76,teamplay
label76,thema
label76,problem
label76,sowohl
label76,profil
label76,komplex
label76,prozeß
label76,aktuell
label76,netzwerk
label76,computer
label76,hardware
label76,projekt
label76,projektteam
label76,entwickelt
label76,entwickler
label76,support
label76,operativ
label76,proaktiv
label76,proaktives
label76,stärke
label76,workflow
label76,studierende
label76,zuhören
label76,mehrere
label76,service
label76,services
label76,framework
label76,teamwork
label76,form
label76,informix
label76,aufgrund
label76,dafür
label76,hierfür
label76,aktiv
label76,tätig
label76,agierend
label76,konzern
label76,national
label76,ausland
label76,company
label76,gesamt
label76,spät
label76,statt
label76,einblick
label76,blick
label76,hinblick
label76,kreativ
label76,künftig
label76,funktion
label76,zukunft
label76,abteilung
label76,auslieferung
label76,verkauf
label76,vertrieb
label76,personal
label76,business
label76,partner
label76,finanz
label76,einkauf
label76,marketing
label76,lieferant
label76,versand
label76,digital
label76,cassini
label76,visionär
label76,consultant
label76,innovation
label76,dortmund
label76,gmbh
label76,hamburg
label76,hannover
label76,nürnberg
label76,schlagwort
label76,karlsruhe
label76,frankfurt
label76,stuttgart
label76,teilzeit
label76,unterschied
label76,anbieter
label76,weltweit
label76,leipzig
label76,sofort
label76,vollzeit
label76,gemäß
label76,mind
label76,chemnitz
label76,zeichnen
label76,maximal
label76,regional
label76,schweiz
label76,senior
label76,center
label76,mannheim
label76,fach
label76,suche
label76,ferchau
label76,nächst
label76,anschlus
label76,wachsen
label76,münchen
label76,branche
label76,möchten
label76,wachsend
label76,wachstum
label76,ausbauen
label76,zuhause
label76,wiesbaden
label76,lassen
label76,spanien
label76,woanders
label76,vielfalt
label76,vielzahl
label76,unbedingt
label76,diskretion
label76,explizit
label76,recruiting
label76,diversity
label76,startdatum
label76,diversität
label76,teamspirit
label76,teamarbeit
label76,teamgeist
label77,ständig
label77,stets
label77,immer
label77,stetig
label78,dadurch
label78,dabei
label78,hierbei
label79,kommen
label79,zeigen
label80,passend
label80,passen
label80,schicken
label81,bestimmen
label81,liegen
label81,stehen
label81,befinden
label81,finden
label82,erlangen
label82,erreichen
label82,gewinnen
label83,denken
label83,erkennen
label84,wirken
label85,eingehend
label85,anfrage
label85,anliegen
label85,erfassen
label85,beobachten
label85,packen
label86,annehmen
label87,erleben
label87,sehen
label87,verstehen
label88,außergewöhnlich
label89,aussagefähig
label89,außerordentlich
label90,entsprechend
label91,anforderung
label91,voraussetzung
label92,komplett
label92,vollständig
label93,schulung
label93,workshop
label93,fortbildung
label93,weiterbildung
label94,bereitstellen
label94,vorbereiten
label94,gewährleisten
label94,sicherstellen
label95,kontrollieren
label95,funktionieren
label95,faszinieren
label95,interessieren
label96,zusammenarbeit
label96,unterstützung
label96,kooperation
label96,mitarbeit
label97,fehlerbehebung
label97,verbesserung
label98,durchführen
label98,durchführung
label99,unterstützen
label100,leistungsstark
label100,dienstleistung
label100,niederlassung
label100,softwarelösung
label100,arbeitsvermittlung
label100,festanstellung
label100,vertriebsleitung
label100,bereitstellung
label100,sicherstellung
label101,professionell
label102,transformation
label102,administrativ
label102,international
label102,kombination
label102,familiengeführt
label102,mittelständler
label102,ideenmanagement
label102,beispielsweise
label102,angebotserstellung
label102,digitalisierung
label102,interdisziplinär
label103,implementierung
label103,konzeptionierung
label104,dienstleister
label104,disposition
label104,tagesgeschäft
label104,schnittstelle
label104,stammdatenpflege
label104,projektleitung
label104,zukünftig
label104,aktualisierung
label104,troubleshooting
label104,virtualisierung
label104,automatisierung
label104,standardisierung
label104,anwendungssystem
label104,patchmanagement
label104,monitoring
label104,performance
label104,datenmodell
label104,application
label104,applikation
label104,infrastruktur
label104,administration
label104,administrator
label104,installation
label104,konfiguration
label104,dokumentation
label104,präsentation
label105,transparent
label105,profitieren
label105,unterstützend
label105,verantworten
label105,vorantreiben
label105,rechenzentrum
label105,schwerpunkt
label105,kundenanfrage
label105,kundenprojekt
label105,development
label105,management
label105,komponente
label105,implementieren
label105,programmieren
label105,analysieren
label105,installieren
label105,administrieren
label105,konfigurieren
label105,organisieren
label105,dokumentieren
label105,koordinieren
label105,effizient
label105,effizienz
label105,optimieren
label105,verbessern
label106,zusammenhalt
label106,zusammenhang
label107,einsatzfreude
label107,engagement
label108,zukunftsweisend
label108,willkommen
label108,identifizieren
label108,vielfältig
label108,deutschlandweit
label108,individuell
label108,maßgeschneidert
label108,führungskraft
label108,inhabergeführt
label108,unabhängig
label108,schwerbehindert
label108,servicequalität
label109,düsseldorf
label109,information
label110,marktführer
label110,auftraggeber
label110,qualitätspreis
label110,qualifiziert
label110,unkompliziert
label111,perspektive
label111,gelegenheit
label111,möglichkeit
label112,optimal
label112,sabbatical
label112,inklusive
label112,innerhalb
label112,ganzheitlich
label112,natürlich
label112,wöchentlich
label112,sämtlich
label112,möglich
label112,täglich
label112,langjährig
label112,erfolgreich
label112,regelmäßig
label112,jährlich
label112,zahlreich
label112,umfangreich
label112,dynamisch
label112,fachlich
label112,langfristig
label112,nachhaltig
label112,hochmotiviert
label112,mobilität
label112,innovativ
label112,kreativität
label112,praktikant
label112,praktikum
label112,portfolio
label112,motorrad
label112,automobil
label112,automobile
label112,zertifikat
label112,namhaft
label112,renommiert
label112,attraktiv
label112,interessant
label112,spannend
label112,absolviert
label112,ambitioniert
label112,motiviert
label112,vertrauensvoll
label112,wertschätzend
label112,wertschätzung
label112,familiär
label112,teamplayer
label112,kollegial
label112,miteinander
label112,hilfsbereit
label112,vielseitig
label112,respektvoll
label112,atmosphäre
label112,augenhöhe
label112,wohlfühlen
label112,öffentlich
label112,homeoffic
label112,homeoffice
label112,ausgeglichen
label112,fachbezogen
label112,monatsgehalt
label112,vereinbarkeit
label112,gleitzeit
label112,arbeitszeit
label112,flexibel
label112,tarifgebunden
label112,arbeitgeber
label112,teamorientiert
label112,ausgestattet
label112,arbeitsumfeld
label112,arbeitsumgebung
label112,arbeitsklima
label112,betriebsklima
label112,verkehrsmittel
label112,übertariflich
label112,tarifvertrag
label112,arbeitsvertrag
label112,unbefristet
label113,zusätzlich
label113,außerbetrieblich
label113,parkmöglichkeit
label113,weihnachtsfeier
label113,betriebsarzt
label113,firmenevents
label113,sommerfest
label113,vorankommen
label113,hochwertig
label113,schutzkleidung
label113,tarifvergütung
label113,fitnessstudio
label113,vergünstigung
label113,sonderzahlung
label113,urlaubsgeld
label113,urlaubstag
label113,jahresurlaub
label113,sonderurlaubstag
label113,essenszuschuß
label113,tankgutschein
label113,krisensicher
label113,freischichttag
label113,betrieblich
label113,tariflich
label113,ergonomisch
label113,mitgliedschaft
label113,vergünstigt
label114,programm
label115,plattform
label115,global
label115,umfassend
label116,beschäftigen
label116,beschäftigte
label116,deutschland
label116,leidenschaft
label116,ermöglichen
label116,verwirklichen
label116,wachstumskurs
label116,wachstumsstark
label116,professional
label116,spezialisieren
label116,industrieanlage
label116,baustoff
label116,produkt
label116,hersteller
label116,bürokomplex
label116,kabeltragsystem
label117,federführend
label117,führend
label117,gesundheit
label117,sicherheit
label118,produktion
label118,produzierend
label119,termingerecht
label119,ordnungsgemäß
label119,transportbeton
label119,automatisiert
label119,kommissionier
label119,transportieren
label119,staplerfahrer
label119,gabelstapler
label119,warenannahme
label120,abwechslung
label120,hochspannung
label120,jobsicherheit
label120,zusammenhalten
label120,onlinehändler
label120,spielekonsole
label120,auszubildend
label120,auszubildende
label120,mitarbeitende
label120,mitarbeiterin
label120,papierbasiert
label120,papierfabrik
label121,übernehmen
label121,übernahmequote
label121,übernahme
label121,überregional
label121,überwiegend
label121,überzeugen
label121,anschließend
label121,großkonzern
label121,maschinenpark
label121,anfallend
label121,nahverkehr
label122,abschluss
label123,besuch
label123,schule
label123,hildesheim
label123,schließen
label123,zuschuß
label123,schulbuch
label123,schulisch
label123,vielleicht
label123,beruflich
label123,berufsfeld
label124,insbesondere
label124,betriebssystem
label124,speichersystem
label124,gewissenhaft
label124,sorgfältig
label124,arbeitsstil
label124,arbeitsweise
label124,belastbarkeit
label124,gängig
label124,selbständige
label124,ausgeprägt
label124,umgangsform
label124,vorzugsweise
label124,zuverlässig
label124,selbstständig
label124,eigenständig
label124,selbständig
label124,denkvermögen
label124,verständnis
label124,zielgerichtet
label124,zielorientiert
label124,strukturieren
label124,strukturiert
label124,konzeptionell
label124,teamorientierung
label124,gelegentlich
label124,nachgewiesen
label124,zeitmanagement
label125,notwendig
label125,zwingend
label126,bestmöglich
label126,genauigkeit
label126,sorgfalt
label126,einjährig
label126,mathematik
label126,physik
label126,mathematisch
label126,räumlich
label126,ähnlich
label126,gewerblich
label126,einwandfrei
label126,wochenende
label126,mechanisch
label126,technik
label126,techniker
label126,schlosser
label126,hydraulik
label126,pneumatik
label126,österreich
label126,tschechisch
label126,führerschein
label126,körperlich
label126,staplerschei
label126,beherrschen
label126,beherrschung
label126,eindrucksvoll
label126,verschieden
label126,prüfverfahren
label126,störungsursache
label126,gleichzeitig
label126,dreijährig
label126,zweijährig
label126,metalltechnik
label126,geschick
label126,handwerklich
label126,elektrisch
label126,elektronisch
label126,elektrotechnik
label126,elektronik
label126,mechatroniker
label126,qualität
label126,tätigkeit
label126,motivation
label126,tatkräftig
label126,fachkraft
label126,lagerlogistik
label126,möglichst
label126,logistik
label126,logistisch
label127,austausch
label127,systemhaus
label127,spezialist
label127,stabilität
label127,einschließlich
label127,hinsichtlich
label127,bezüglich
label127,technisch
label127,technologie
label127,technologisch
label127,fachbereich
label127,fachabteilung
label127,technology
label127,ingenieurwesen
label127,engineering
label127,ingenieur
label127,interesse
label127,quereinsteig
label127,quereinsteiger
label127,bestandteil
label127,industrie
label127,industriell
label127,reibungslos
label127,störungsfrei
label127,ablauf
label127,ebenfalls
label127,abgeschlossen
label127,abschließen
label127,dazugehörig
label127,fachrichtung
label127,mehrjährig
label127,vergleichbar
label127,einschlägig
label127,gleichwertig
label127,praktisch
label127,regulatorisch
label127,wirtschaft
label127,inhaltlich
label127,klassisch
label127,analytisch
label127,strategisch
label127,anlagenbau
label127,maschinenbau
label127,bachelor
label127,psychologie
label127,alternativ
label127,bedürfnis
label127,idealerweise
label127,idealerweis
label127,idealerweisen
label127,affinität
label127,javascript
label127,studiengang
label127,microsoft
label127,fundiert
label127,informatik
label127,studium
label127,fachkenntnis
label127,fachwissen
label127,mithelfen
label127,mindestens
label127,nachweisen
label127,fehlersuche
label127,kritisch
label127,distribution
label127,infrastructure
label127,datenschutz
label127,powershell
label127,scripting
label128,organisation
label129,aufbau
label129,architektur
label129,struktur
label130,entwicklung
label130,konzeption
label130,planen
label130,planung
label130,konzept
label130,design
label130,entwurf
label131,absprache
label131,koordinierung
label131,abstimmung
label131,koordination
label132,rechnungswesen
label132,personalbereich
label132,buchhaltung
label132,controlling
label132,abwicklung
label132,ausschreibung
label133,richtlinie
label133,vorgabe
label133,vorschrift
label134,vorgegeben
label134,vorliegend
label134,gesetzlich
label134,vorgesehen
label135,anpassen
label135,anpassung
label136,überprüfung
label136,inspektion
label136,kontrolle
label136,prüfung
label136,analyse
label136,auswertung
label137,beziehung
label137,verbindung
label138,bedingung
label138,grundlage
label138,grundsatz
label138,verarbeitung
label138,bevorzugen
label138,bevorzugt
label139,veränderung
label139,mentoring
label139,onboarding
label139,steigerung
label139,anbindung
label139,versicherung
label139,beteiligung
label139,teilnahme
label139,einarbeitung
label139,vereinbarung
label139,einsatz
label139,nutzung
label139,bewertung
label139,vernetzung
label139,kundeneinsatz
label139,vermittlung
label139,begleitung
label139,beratung
label140,betreuung
label140,versorgung
label141,eignung
label141,änderung
label141,erfüllung
label142,einrichtung
label142,realisierung
label142,gestaltung
label142,umsetzung
label142,integration
label142,einbindung
label142,mitwirkung
label142,fertigung
label142,erstellung
label142,herstellung
label142,verstärkung
label142,zeitpunkt
label142,zuständig
label142,optimierung
label142,steuerung
label142,erweiterung
label142,aufbereitung
label142,erarbeitung
label142,bearbeitung
label142,vorbereitung
label142,verwaltung
label142,einführung
label142,fortführung
label142,beschaffung
label142,überwachung
label142,begleitpapier
label142,warenausgang
label142,wareneingang
label142,hintergrund
label142,beseitigung
label142,störungssuche
label142,allgemein
label142,zeichnung
label142,einhaltung
label142,bedienung
label142,reinigung
label143,qualifikationsübergreifend
label144,arbeitnehmerüberlassung
label145,dienstleistungsqualität
label146,telekommunikationskabel
label147,automatisierungstechnik
label148,informationstechnologie
label148,informationstechnik
label148,informationssicherheit
label148,informationstechnisch
label149,datenbankadministration
label149,datenbankadministrator
label150,netzwerkinfrastruktur
label150,netzwerkadministration
label150,systemadministration
label150,systemadministrator
label151,kommunikationsstark
label151,kommunikationsstärke
label151,kommunikationsfähigkeit
label151,organisationsfähigkeit
label152,überdurchschnittlich
label153,betriebswirtschaftlich
label153,betriebswirtschaftslehre
label153,wirtschaftsingenieurwesen
label153,wirtschaftsinformatik
label153,wirtschaftswissenschaft
label154,eigenverantwortlich
label154,verantwortungsbereich
label155,verantwortungsbewusstsei
label155,verantwortungsbewusst
label155,verantwortungsvoll
label156,sicherheitsvorschrift
label157,arbeitssicherheit
label157,betriebswirtschaft
label157,betontechnologisch
label157,naturwissenschaftlich
label157,reisebereitschaft
label157,schichtbereitschaft
label157,einsatzbereitschaft
label157,leistungsbereitschaft
label158,gesundheitsmanagement
label158,weiterbildungsangebot
label158,gestaltungsspielraum
label158,arbeitszeitgestaltung
label158,vertrauensarbeitszeit
label159,vertriebsinnendienst
label159,vertriebsmitarbeiter
label160,personaldienstleister
label160,tochterunternehmen
label160,unternehmensgruppe
label160,kundenunternehmen
label160,zukunftsorientiert
label160,familienunternehmen
label160,unternehmenskultur
label161,selbstverständlich
label161,vorstellungsgespräch
label162,einsatzmöglichkeit
label162,einstiegsmöglichkeit
label162,verdienstmöglichkeit
label163,karrieremöglichkeit
label163,aufstiegsmöglichkeit
label163,fortbildungsmöglichkeit
label164,hochschulabschluss
label164,hauptschulabschluss
label164,realschulabschlus
label165,ausbildungsabschluß
label165,ausbildungsvergütung
label165,ausbildungsplatz
label165,ausbildungsinhalt
label165,ausbildungsberuf
label165,ausbildungsdauer
label165,ausbildungsjahr
label166,schulabschluss
label166,auffassungsgabe
label166,aufgeschlossenheit
label166,übernahmechance
label166,naturwissenschaft
label166,materialverbrauch
label166,produktionsaufgabe
label167,maschineneinstellung
label167,verarbeitungsmaschine
label167,einstiegsqualifzierung
label167,verpackungslösung
label167,berufsschulunterricht
label167,verpackungsentwicklung
label167,sportartikelhersteller
label167,packmitteltechnolog
label167,packmitteltechnologe
label167,packmitteltechnologen
label168,qualitätssicherung
label168,qualitätsbewusstsei
label168,qualitätsmanagement
label169,baustoffindustrie
label169,industriemechaniker
label169,verfahrensmechaniker
label169,qualitätsprüfung
label169,qualitätskontrolle
label169,qualitätsstandard
label169,produktqualität
label169,produktionsbereich
label169,produktionsablauf
label169,produktionsanlage
label169,produktionsprozeß
label170,ausschließlich
label170,berücksichtigen
label170,kennenlernen
label170,personenbezogen
label170,stellenangebot
label170,stellenanzeige
label170,gleichbehandlung
label170,chancengleichheit
label170,geschlechtsneutral
label171,schnupperpraktikum
label171,geschäftsführer
label171,kontaktaufnahme
label171,personalreferentin
label171,rabattkooperation
label172,bewerbungsunterlage
label172,bewerbungsportal
label172,bewerbungsprozeß
label172,aussagekräftig
label172,gehaltsvorstellung
label172,personalabteilung
label172,eintrittstermin
label172,initiativbewerbung
label173,veranstaltungsprogramm
label173,prüfungsvorbereitung
label173,jahressondervergütung
label173,jahressonderleistung
label173,jahressonderzahlung
label173,lebenslagencoaching
label173,vermittlungsleistung
label173,arbeitgebergefördert
label173,betriebszugehörigkeit
label174,arbeitsplatz
label174,arbeitsverhältnis
label175,entwicklungsmaßnahme
label175,sicherheitsmaßnahme
label176,arbeitsatmosphäre
label176,wissensaustausch
label177,abschlussprüfung
label177,abschlusszeugnis
label177,abschlagszahlung
label177,schutzausrüstung
label177,fahrtkostenzuschuß
label177,vermögenswirksam
label177,familienfreundlich
label177,feedbackgespräch
label177,deutschlandticket
label177,arbeitgeberzuschus
label177,arbeitgeberzuschuß
label177,verkehrsanbindung
label177,gewinnbeteiligung
label177,entgeltumwandlung
label177,gleitzeitregelung
label177,altersversorgung
label177,altersvorsorge
label177,leistungsgerecht
label177,sozialleistung
label177,zusatzleistung
label177,entscheidungsweg
label177,leistungsbezogen
label177,werksbusnutzung
label177,arbeitskleidung
label177,einarbeitungszeit
label177,einsatzbegleitung
label177,wochenarbeitszeit
label177,branchenzuschlag
label177,weihnachtsgeld
label178,arbeitsplatzbezogen
label178,arbeitsmedizinisch
label178,sicherheitstechnisch
label178,arbeitszeitmodell
label178,mitarbeiterevents
label178,mitarbeiterprämie
label178,betriebsrestaurant
label178,mitarbeiterparkplatz
label178,mitarbeiterrabatt
label179,produktionsstätte
label179,telekommunikation
label179,industriesystem
label179,weltmarktführer
label179,elektroinstallation
label179,kabelverlegetechnik
label180,praktikumsplatz
label180,industriekaufleute
label180,industriekauffrau
label180,industriekaufmann
label181,störungsbeseitigung
label181,instandhaltung
label181,instandsetzung
label182,berücksichtigung
label182,nachbearbeitung
label182,druckvorbereitung
label182,metallbearbeitung
label182,papierverarbeitung
label182,weiterverarbeitung
label182,arbeitsvorbereitung
label182,versandvorbereitung
label183,durchschnittlich
label183,umweltfreundlich
label183,berufsschule
label183,umweltschutz
label184,werkzeugmaschine
label184,werkzeugmechaniker
label184,wellpappenanlag
label184,wellpappenwerk
label184,papiermaschine
label184,anlagenführer
label184,maschinenführer
label184,computergesteuert
label184,zusammenarbeiten
label185,energieversorgung
label185,fertigungsprozeß
label185,betriebsschlosser
label185,steuerungsanlage
label185,antriebstechnik
label185,betriebstechnik
label185,beleuchtungstechnik
label185,prozessleittechnik
label186,arbeitsmittel
label186,arbeitsergebnis
label186,betriebsmittel
label186,verantwortlich
label186,reparaturarbeit
label186,verfügbarkeit
label186,wartungsarbeit
label186,arbeitsablauf
label186,arbeitsalltag
label186,hauptaufgabe
label186,fehleranalyse
label186,inbetriebnahme
label187,frühestmöglich
label187,nächstmöglich
label187,schnellstmöglich
label188,geschäftsbereich
label188,aufgabenbereich
label188,aufgabengebiet
label189,sympathisch
label189,systematisch
label190,wirtschaftlich
label190,kaufmännisch
label190,unternehmerisch
label190,disziplinarisch
label190,organisatorisch
label191,erforderlich
label191,grundsätzlich
label191,schriftlich
label191,persönlichkeit
label191,verlässlich
label192,qualifikation
label192,kommunikation
label192,kommunikativ
label193,bereitschaft
label193,lernbereitschaft
label193,rufbereitschaft
label193,branchenkenntnis
label193,wochenendarbeit
label193,deutschkenntnis
label193,englischkenntnis
label193,grundkenntnis
label193,wünschenswert
label193,sozialkompetenz
label193,teamfähigkeit
label193,zuverlässigkeit
label193,flexibilität
label193,selbständigkeit
label193,branchenorientiert
label193,führerscheinklasse
label193,einstiegsgehalt
label193,uneingeschränkt
label193,gabelstaplerschei
label193,schichtbetrieb
label193,schichtarbeit
label193,schichtsystem
label194,innerbetrieblich
label194,abwechslungsreich
label194,unterschiedlich
label195,kontinuierlich
label196,hauptsächlich
label196,anspruchsvoll
label196,mittelständisch
label196,verlässlichkeit
label196,nachhaltigkeit
label196,tätigkeitsfeld
label196,zukunftssicher
label197,kundenspezifisch
label197,kundenzufriedenheit
label197,entscheidungsfindung
label197,stellenbeschreibung
label198,anwendungsentwicklung
label198,softwareentwicklung
label198,datenbankentwickler
label198,kundenindividuell
label199,projektmanagement
label199,prozessoptimierung
label199,kundenorientierung
label199,serviceorientierung
label199,serviceorientiert
label199,eigeninitiative
label199,ergebnisorientiert
label199,prozessorientiert
label199,kundenorientiert
label199,lösungsorientiert
label200,verhandlungsgeschick
label200,verhandlungssicher
label200,organisationstalent
label200,durchsetzungsvermögen
label200,vorstellungsvermögen
label201,hochschulstudium
label201,studienabschluss
label201,ansprechpartner
label201,fachinformatiker
label201,systemintegration
label201,ausfallsicherheit
label201,hochverfügbar
label201,hochverfügbarkeit
label201,performanceanalyse
label201,systemlandschaft
label201,datenmodellierung
label201,datenbanklösung
label201,datenbankumgebung
label201,datenbanksystem
label201,datenbankumfeld
label202,direktvermittlung
label202,personalvermittlung
label202,eigenverantwortung
label202,weiterentwickeln
label202,weiterentwicklung
label203,kundenanforderung
label203,kundenbetreuung
label203,kundenbeziehung
label203,kundenerlebnis
label204,kommissionierung
label204,baustoffprüfer
label204,herausfordernd
label204,herausforderung
label204,verantwortung
label204,programmierung
label204,qualifizierung
label204,zertifizierung
label204,aufgabenstellung
label204,berufsausbildung
label204,berufserfahrung
